"","a.Entr","a.Cruza","NormYield"
"1",303,"NOGAL/ALSEN",1888.18043111658
"2",496,"Itapúa 45/Itapúa 40//ALSEN",1726.22727643235
"3",332,"NOGAL/CD 117",1613.64032
"4",497,"Itapúa 45/Itapúa 40//ALSEN",1374.39305016619
"5",304,"NOGAL/ALSEN",1305.54451026064
"6",104,"Itapua 40/IAN 10",1245.3024
"7",477,"NOGAL/CD 117",1189.05634460766
"8",182,"NOGAL/BRS 229",1173.3424
"9",103,"Itapua 40/IAN 10",1122.52628282235
"10",331,"NOGAL/CD 117",1027.40199974139
"11",404,"KRONSTAD F04/ITAPUA 65",1011.97248
"12",495,"NOGAL/Itapúa 75",996.482613511424
"13",284,"NOGAL/ALSEN",986.122684122836
"14",493,"NOGAL/Itapúa 75",981.957421939308
"15",307,"NOGAL/ALSEN",962.668071810054
"16",672,"NOGAL/Itapúa 75//CANINDE 1",955.72448
"17",107,"Itapua 40/IAN 10",906.581795800299
"18",306,"NOGAL/ALSEN",875.625785138681
"19",704,"NOGAL/ALSEN",870.726556964506
"20",609,"NOGAL/CANINDE 3//CD 150",870.30599369572
"21",907,"WAXBILL",869.239350379323
"22",457,"NOGAL/KASORO3",869.146077710903
"23",703,"NOGAL/ALSEN",861.684505825759
"24",489,"NOGAL/Itapúa 75",858.140061081883
"25",628,"NOGAL/KASORO3//CANINDE 1",855
"26",108,"Itapua 40/IAN 10",810.39232
"27",805,"WBLL1*2/TUKURU//ACA 901",809.260800825503
"28",492,"NOGAL/Itapúa 75",804.750164611786
"29",476,"NOGAL/CD 117",804.341108210164
"30",6,"CANINDE 1//MILAN/AMSEL",762.256420760385
"31",258,"NOGAL/CANINDE 3",754.15456
"32",807,"CD 116/CD 108",749.640873122339
"33",115,"Itapua 40/IAN 10",749.567691179926
"34",525,"CANINDE 12/3/PRINIA/BERKUT//PFAU/MILAN",744.548776723829
"35",45,"WBLL2/4/BABAX/LR42//BABAX/3/BABAX/LR42",738.887350561885
"36",665,"NOGAL/Itapúa 75//CANINDE 1",735.207054679328
"37",333,"NOGAL/4/TRAP#1/BOW//PFAU/3/MILAN",733.689392030497
"38",491,"NOGAL/Itapúa 75",733.013299990206
"39",853,"KACHU*2/3/ND643//2*PRL/2*PASTOR",724.498134721518
"40",611,"NOGAL/CANINDE 3//CD 150",720.520015040222
"41",322,"NOGAL/CD 117",717.814414480639
"42",323,"NOGAL/CD 117",705.356645033767
"43",604,"NOGAL/CANINDE 3//CD 150",704.01152
"44",702,"BRBT1*2/KIRITATI//BRS 208",702.590682933097
"45",717,"Itapúa 45/Itapúa 40//ALSEN",701.869877611906
"46",386,"KRONSTAD F04/ITAPUA 65",691.02752
"47",295,"NOGAL/ALSEN",688.911827114107
"48",851,"FRANCOLIN #1/BLOUK #1",677.678078932497
"49",101,"Itapua 40/IAN 10",672.680036738177
"50",376,"BRS GUAMIRIN/CANINDE 3",654.50208
"51",617,"NOGAL/CANINDE 3//CD 150",652.824222214251
"52",28,"CD 104/4/BABAX/LR42//BABAX/3/BABAX/LR42",643.53408
"53",285,"NOGAL/ALSEN",640.367892545519
"54",402,"KRONSTAD F04/ITAPUA 65",638.94784
"55",494,"NOGAL/Itapúa 75",632.814555825956
"56",508,"Itapúa 45/Itapúa 40//ALSEN",609.31328
"57",478,"NOGAL/4/TRAP#1/BOW//PFAU/3/MILAN",604.903803922813
"58",232,"Itapúa 45/Itapúa 40//ALSEN",601.86752
"59",726,"Itapua 40 /ACA 901",596.32256
"60",473,"NOGAL/CD 117",587.886834528812
"61",265,"NOGAL/CANINDE 3",586.075193583462
"62",113,"Itapua 40/IAN 10",583.536164036106
"63",605,"NOGAL/CANINDE 3//CD 150",569.134810246736
"64",105,"Itapua 40/IAN 10",569.023219908248
"65",458,"NOGAL/ALSEN",561.830202479924
"66",282,"NOGAL/ALSEN",561.571261392813
"67",668,"NOGAL/Itapúa 75//CANINDE 1",560.098997649535
"68",629,"NOGAL/KASORO3//CANINDE 1",551.862057406556
"69",136,"CD 108/4/BABAX/LR42//BABAX*2/3/TUKURU",549.966867288976
"70",78,"E-04256/CD108//MILAN/MUNIA",547.103655373612
"71",102,"Itapua 40/IAN 10",543.24224
"72",117,"Itapua 40/IAN 10",540.813872012235
"73",527,"CANINDE 12/3/PRINIA/BERKUT//PFAU/MILAN",540.672561569923
"74",722,"Itapua 40//ITAPUA-50/ITAPUA-40 ",535
"75",321,"NOGAL/CD 117",533.302426869715
"76",658,"NOGAL/Itapúa 70//CANINDE 1",531.77984
"77",254,"NOGAL/CANINDE 3",526.924480000001
"78",657,"NOGAL/Itapúa 70//CANINDE 1",520.521412244077
"79",529,"CANINDE 12/3/PRINIA/BERKUT//PFAU/MILAN",514.730068575886
"80",715,"Itapúa 45/Itapúa 40//ALSEN",508.132298446315
"81",39,"PF 953048/IAPAR 18/4/BABAX/LR42//BABAX/3/BABAX/LR42//BABAX",507.183244708421
"82",296,"NOGAL/ALSEN",504.96576
"83",329,"NOGAL/CD 117",503.636645380473
"84",135,"ITAPUA 70//ND643/2*WBILL1",503.445881585193
"85",547,"ITAPUA 45/CORDILLERA 4//CD 108",501.266962177135
"86",183,"NOGAL/BRS 229",500.555184782289
"87",27,"BIOINTA1001/BR 18",499.060389811626
"88",358,"BABAX/LR42//BABAX/3/BABAX/LR42//BABAX/4/CANINDE 1",496.44544
"89",607,"NOGAL/CANINDE 3//CD 150",494.678892723494
"90",759,"Itapúa 75/3/WBLL4/KASO2//PASTOR",492.38709653044
"91",405,"KRONSTAD F04/ITAPUA 65",489.168212953201
"92",459,"NOGAL/ALSEN",489.044305103457
"93",548,"ITAPUA 45/CORDILLERA 4//CD 108",483.59904
"94",123,"Itapua 40/3/ITP35/PF84432//CORD4",482.763812660438
"95",585,"RDWG/MILAN/3/WHU1/VEE#5//CBRD/4/CD 117/5/ND643/2*WBLL1",475.754178128141
"96",297,"NOGAL/ALSEN",471.411822124434
"97",58,"WBLL2//MILAN/AMSEL",470
"98",153,"CANINDE//NG8675/CBRD/3/CANINDE 1",465.525025537192
"99",125,"Itapua 40/3/ITP35/PF84432//CORD4",463.49409556842
"100",666,"NOGAL/Itapúa 75//CANINDE 1",463.232364160689
"101",308,"NOGAL/ALSEN",462.036195915063
"102",867,"BABAX/LR42//BABAX*2/4/SNI/TRAP#1/3/KAUZ*2/TRAP//KAUZ/5/WHEAR/SOKOLL",458.063086781564
"103",118,"Itapua 40/3/ITP35/PF84432//CORD4",451.58059029079
"104",96,"Itapua 40/IAN 10",449.783599213523
"105",132,"ITAPUA 75/5/BABAX/LR42//BABAX*2/4/SIN/TRAP1/3KAUZ*2/TRAP/KAUZ",447
"106",134,"ITAPUA 70//ND643/2*WBILL1",445.720081832758
"107",314,"NOGAL/CD 117",444.034239999999
"108",785,"CANINDE 3/3/PFAU/WEAVER*2//TRANSFER#12,P88.272.2",443.710604727973
"109",264,"NOGAL/CANINDE 3",438.387507776675
"110",618,"NOGAL/KASORO3//CANINDE 1",437.27552
"111",908,"STLN/MUNAL #1",434
"112",293,"NOGAL/ALSEN",427.960669964412
"113",474,"NOGAL/CD 117",427.386341288508
"114",5,"CANINDE 1/CATBIRD DIF 1073",419.21831417676
"115",771,"CANINDE 3/CD 104",416.609553819976
"116",631,"NOGAL/KASORO3//CANINDE 1",410.230160868234
"117",106,"Itapua 40/IAN 10",409.47424
"118",271,"NOGAL/CANINDE 3",409.268946875192
"119",257,"NOGAL/CANINDE 3",407.969314773538
"120",533,"BABAX 42/S09",402.669696499575
"121",787,"CANINDE 3//E 92225/FCEP 30",401.99303586831
"122",531,"CANINDE 12/3/PRINIA/BERKUT//PFAU/MILAN",399.457740451265
"123",109,"Itapua 40/IAN 10",395.155941023664
"124",612,"NOGAL/CANINDE 3//CD 150",395.02848
"125",305,"NOGAL/ALSEN",394.076161210847
"126",181,"NOGAL/BRS 229",388.338180717241
"127",283,"NOGAL/ALSEN",384.311016487574
"128",298,"NOGAL/ALSEN",382.98976
"129",162,"CENTINELA/CD 104",382.60768
"130",163,"CRONOX/Itapúa 70",382.53380885225
"131",357,"BABAX/LR42//BABAX/3/BABAX/LR42//BABAX/4/ITAPUA 70",379.828028904382
"132",18,"CANINDE/4/WBLL4//BABAX.1B.1B*2/PRL/3/PASTOR",376
"133",165,"CRONOX/Itapúa 70",374.333774607319
"134",804,"WBLL1*2/TUKURU//ACA 901",368.35008
"135",475,"NOGAL/CD 117",367.601094553413
"136",615,"NOGAL/CANINDE 3//CD 150",366.89053034784
"137",21,"CANINDE//MILAN/AMSEL",364.941287661316
"138",32,"CD 104/4/BABAX/LR42//BABAX/3/BABAX/LR42",359
"139",131,"ITAPUA 40/5/BABAX/LR42//BABAX*2/4/SIN/TRAP1/3KAUZ*2/TRAP/KAUZ",353.536164036106
"140",509,"Itapúa 45/Itapúa 40//ALSEN",350.877926322215
"141",394,"KRONSTAD F04/ITAPUA 65",348.49792
"142",448,"SAAR/3/PFAU/SERI.1B//AMAD/4/CD104",347.68896
"143",4,"CANINDE 1/CATBIRD DIF 1073",347.059902513303
"144",732,"ITAPUA 65//ND643/2*WBLL1",343.41344
"145",546,"ITAPUA 45/CORDILLERA 4//CD 108",328.17824
"146",215,"CANINDE 1/CD 116",322.436531016381
"147",422,"ND643/2*WBILL1//ITAPUA 40      ",319.95264
"148",186,"S09/ALSEN",319.85184
"149",486,"NOGAL/Itapúa 75",319.8304
"150",571,"IAN 10/ITAPUA 65//SAUSAL CIAT",318.725068068618
"151",154,"TNMU/6/CEP80111/CEP81165/5/MRNG/4/YKT406/3/AG/ASN//ATR/7/BABAX/LR42//BABAX/3/BABAX/LR42/8/CD114",318.216934116457
"152",354,"ITAPUA 75/PEWIT1",315.69536
"153",25,"WBLL2//MILAN/AMSEL",315.662051685657
"154",905,"ATTILA*2/PBW65//MURGA",311.910120907522
"155",29,"CD 104/4/BABAX/LR42//BABAX/3/BABAX/LR42",310.263264485834
"156",139,"CD 112/4/BABAX/LR42//BABAX*2/3/TUKURU",309.292019834112
"157",871,"BECARD//ND643/2*WBLL1",309.083962685735
"158",579,"ICAB/LE2242//CANINDE 1",308.536209857187
"159",54,"WBLL2//MILAN/AMSEL",307
"160",231,"Itapúa 45/Itapúa 40//ALSEN",304.713610136179
"161",678,"NOGAL/Itapúa 75//CANINDE 1",304.58656
"162",235,"INIA DON ALBERTO/CANINDE 1",303.398193299207
"163",504,"Itapúa 45/Itapúa 40//ALSEN",303.1696
"164",687,"NOGAL/Itapúa 75//CANINDE 1",301.450912846566
"165",111,"Itapua 40/IAN 10",299.197032304223
"166",708,"NOGAL/CD 104",298.462080000001
"167",403,"KRONSTAD F04/ITAPUA 65",298.09184841536
"168",591,"BRS LAURO/CANINDE 1//CD 150",295.029862759852
"169",676,"NOGAL/Itapúa 75//CANINDE 1",293.68288
"170",602,"NOGAL/CANINDE 3//CD 150",292.40096
"171",287,"NOGAL/ALSEN",290.981476116079
"172",788,"CANINDE 3/KLEIN RAYO",290.73408
"173",528,"CANINDE 12/3/PRINIA/BERKUT//PFAU/MILAN",289.63232
"174",313,"NOGAL/CD 117",286.861539446916
"175",41,"PANDORA-INIA/ITAPUA 75//ITAPUA 70",286.558943589252
"176",395,"KRONSTAD F04/ITAPUA 65",283.367483219708
"177",534,"TNMU/CHAPIO//CD 116",278.119996195698
"178",325,"NOGAL/CD 117",276.790436931485
"179",558,"ITAPUA 45/CORDILLERA 4//Itapúa 75",275.97152
"180",126,"Itapua 40/3/ITP35/PF84432//CORD4",275.49824
"181",877,"ND643/2*WBLL1/3/KIRITATI//2*PRL/2*PASTOR/4/BECARD",269.5
"182",286,"NOGAL/ALSEN",265.07662299907
"183",77,"E-04256/CD108//MILAN/MUNIA",264.947107021902
"184",299,"NOGAL/ALSEN",264.000922992468
"185",121,"Itapua 40/3/ITP35/PF84432//CORD4",259.136145741409
"186",72,"E-04256/CD108//MILAN/MUNIA",258
"187",515,"ONIX//MILAN/AMSEL",255.686649355313
"188",393,"KRONSTAD F04/ITAPUA 65",254.018793648324
"189",734,"ITAPUA 653/3/PFAU/WEAVER*2//TRANSFER#12,P88.272.2",251.72672
"190",471,"NOGAL/CD 117",249.11054298638
"191",375,"BRS GUAMIRIN/CANINDE 3",244.647614920671
"192",654,"NOGAL/Itapúa 70//CANINDE 1",237.79936
"193",112,"Itapua 40/IAN 10",231
"194",217,"TOLLOCAN F05/4/TRAP#1/BOW//PFAU/3/MILAN",229.206067907102
"195",423,"ND643/2*WBILL1//ITAPUA 40      ",227.013402672726
"196",229,"Itapúa 45/Itapúa 40//ALSEN",225.067625644124
"197",882,"NING MAI 96035/FINSI//HEILO/5/CROC_1/AE.SQUARROSA (205)//BORL95/3/PRL/SARA//TSI/VEE#5/4/FRET2",224.62496
"198",816,"CD 150/ACA 901",222.910437261149
"199",809,"CD 116//ITAPUA-50/ITAPUA-40 ",222.83858559631
"200",396,"KRONSTAD F04/ITAPUA 65",220.99136
"201",601,"NOGAL/CANINDE 3//CD 150",220.833394924577
"202",164,"CRONOX/Itapúa 70",220.036799999999
"203",1,"CANINDE 1/Prointa Granar",217.450501647731
"204",764,"Itapúa 75/KLEIN LEON ",216.58368
"205",289,"NOGAL/ALSEN",216.364913399106
"206",673,"NOGAL/Itapúa 75//CANINDE 1",213.048062534475
"207",302,"NOGAL/ALSEN",211.814862652604
"208",311,"NOGAL/CD 104",211.80511058009
"209",218,"TOLLOCAN F05/4/TRAP#1/BOW//PFAU/3/MILAN",208.71136
"210",876,"ND643/2*WBLL1/3/KIRITATI//2*PRL/2*PASTOR/4/BECARD",206
"211",191,"CATBIRD/BABAX 42",205.932780996407
"212",335,"S09/CD 114",202.047642592105
"213",524,"CANINDE 12/3/PRINIA/BERKUT//PFAU/MILAN",198.77696
"214",623,"NOGAL/KASORO3//CANINDE 1",196.95938015855
"215",659,"NOGAL/CANINDE 1//CD 150",196.16102488006
"216",222,"TOLLOCAN F05/4/TRAP#1/BOW//PFAU/3/MILAN",193.88288
"217",523,"CANINDE 12/CD 116",193.756805207086
"218",353,"ITAPUA 75/PEWIT1",193.033452525269
"219",599,"NOGAL/CANINDE 3//CD 150",189.847041512421
"220",193,"CATBIRD/BABAX 42",187.686624903894
"221",901,"VORB*2/5/CROC_1/AE.SQUARROSA (224)//OPATA/3/RAC655/4/SLVS/PASTOR",173.509379123078
"222",859,"MUTUS//ND643/2*WBLL1",171.5
"223",23,"WBLL2//MILAN/AMSEL",171.460949166261
"224",2,"CANINDE 1/Prointa Granar",170.052682476952
"225",613,"NOGAL/CANINDE 3//CD 150",169.708434671806
"226",312,"NOGAL/CD 104",167.845440000001
"227",878,"ND643/2*WBLL1/3/KIRITATI//2*PRL/2*PASTOR/4/BECARD",167
"228",413,"TOLLOCAN F05/5/BABAX/LR42//BABAX*2/4/SIN/TRAP1/3KAUZ*2/TRAP/KAUZ",166.863605158068
"229",772,"CANINDE 3/CD 104",166.56256
"230",721,"Itapua 40//ITAPUA 40/KURUKU",166.005415123726
"231",839,"SHORTENED SR26 TRANSLOCATION//2*WBLL1*2/KKTS/3/BECARD",163
"232",99,"Itapua 40/IAN 10",161.791331636724
"233",119,"Itapua 40/3/ITP35/PF84432//CORD4",161.500779299677
"234",885,"ATTILA*2/PBW65*2//W485/HD29",159.171393150579
"235",79,"E-04256/CD108//MILAN/MUNIA",158.384567308403
"236",204,"Itapúa 75/6/SKAUZ/PARUS//PARUS/5/CNDO/R143//ENTE/MEXI75/3/AE.SQ/4/2*OCI",157.14816
"237",733,"ITAPUA 65/4/PRL/SARA//TSI/VEE#5/3/FINSI",155.520809111374
"238",192,"CATBIRD/BABAX 42",155.44192
"239",168,"INIA DON ALBERTO/Itapúa 70",155.11712
"240",26,"WBLL2//MILAN/AMSEL",151.918691982777
"241",646,"NOGAL/CD 104//CANINDE 11",148.679072850405
"242",667,"NOGAL/Itapúa 75//CANINDE 1",148.562419669539
"243",507,"Itapúa 45/Itapúa 40//ALSEN",147.037896497852
"244",173,"INIA DON ALBERTO/Itapúa 70",146.415332375192
"245",137,"CD 112/4/BABAX/LR42//BABAX*2/3/TUKURU",145.328167397022
"246",122,"Itapua 40/3/ITP35/PF84432//CORD4",144.6832
"247",291,"NOGAL/ALSEN",144.185918787934
"248",627,"NOGAL/KASORO3//CANINDE 1",141.745747964729
"249",406,"KRONSTAD F04/CATBIRD                                 ",139.70272
"250",398,"KRONSTAD F04/ITAPUA 65",139.16416
"251",501,"Itapúa 45/Itapúa 40//ALSEN",137.444193625909
"252",792,"Caninde 11//WBLL1*2/TUKURU",134.06848
"253",327,"NOGAL/CD 117",129.70906788916
"254",801,"WBLL4//BABAX.1B.1B*2/PRL/3/PASTOR/4/BABAX/LR42//BABAX/3/BABAX/LR42//BABAX",129.130283175499
"255",22,"CANINDE//MILAN/AMSEL",127.483696065179
"256",389,"KRONSTAD F04/ITAPUA 65",125.372024511666
"257",326,"NOGAL/CD 117",122.821902264783
"258",268,"NOGAL/CANINDE 3",121.676198517616
"259",315,"NOGAL/CD 117",118.352328594626
"260",35,"F3 DESC CRIA 2010",117.5
"261",7,"CANINDE 1//MILAN/AMSEL",115.265712268806
"262",603,"NOGAL/CANINDE 3//CD 150",114.679371073026
"263",172,"INIA DON ALBERTO/Itapúa 70",113.861234473129
"264",34,"F3 DESC CRIA 2010",111
"265",542,"ITAPUA 40/KURUKU//CD 118",108.08128
"266",648,"NOGAL//ITAPUA 55/E-92225/3/IAPAR 85",106.878233518802
"267",769,"CANINDE 1/ACA 901",105.409940746363
"268",755,"Itapúa 75//ITAPUA 40/KURUKU",101.721273802874
"269",575,"INIA DON ALBERTO/Itapúa 75",98.7674985992917
"270",806,"PSN/BOW//SERI/3/MILAN/4/ATTILA/5/BR 18",98.4265599999999
"271",36,"F3 DESC CRIA 2010",98
"272",838,"SHORTENED SR26 TRANSLOCATION//3*PBW65/2*PASTOR",98
"273",786,"CANINDE 3//E 92225/FCEP 30",97.6499199999998
"274",767,"CANINDE 1//\ND643/2*WBLL1",95.0723837950541
"275",211,"CANINDE 1/4/TRAP#1/BOW//PFAU/3/MILAN",94.4599318886944
"276",616,"NOGAL/CANINDE 3//CD 150",91.0518400000001
"277",768,"CANINDE 1/4/PRL/SARA//TSI/VEE#5/3/FINSI",90.4905600000002
"278",309,"NOGAL/CD 104",84.4159349907213
"279",841,"SWSR22T.B./2*BLOUK #1//WBLL1*2/KURUKU",82.2819215287291
"280",576,"INIA DON ALBERTO/Itapúa 75",81.6726400000002
"281",288,"NOGAL/ALSEN",81.3980355718436
"282",606,"NOGAL/CANINDE 3//CD 150",73.616
"283",425,"ND643/2*WBILL1//BR 18",71.8270138163125
"284",129,"ITAPUA 40/5/BABAX/LR42//BABAX*2/4/SIN/TRAP1/3KAUZ*2/TRAP/KAUZ",71.2651434615027
"285",259,"NOGAL/CANINDE 3",70.5187603536137
"286",757,"Itapúa 75//ITAPUA 40/KURUKU",69.6244880263134
"287",355,"WEEBILL2//KIRITATI/2*WBLL1",68.9086067245021
"288",814,"CD 150/3/WBLL4/KASO2//PASTOR",68.6524799999997
"289",334,"PFAU/MILAN/3/BABAX/LR42//BABAX/4/Itapúa 70",65.7356799999993
"290",86,"PARULA/CD 104",65.6976
"291",85,"PARULA/CD 104",65.6369777932423
"292",797,"Caninde 12/4/BABAX/PASTOR/3/KAUZ*2/YACO//KAUZ",63.1836397390302
"293",91,"PARULA/CD 104",62.4230403812739
"294",409,"KRONSTAD F04/CATBIRD                                 ",62.2149028191075
"295",9,"CANINDE 1//MILAN/AMSEL",61.6829876169581
"296",649,"NOGAL/Itapúa 70//CANINDE 1",60.4839614928874
"297",719,"Itapua 40//ITAPUA 40/KURUKU",60.2380383517229
"298",8,"CANINDE 1//MILAN/AMSEL",58.1877228146232
"299",561,"ITAPUA 45/CORDILLERA 4//ITAPUA 70",56.8817636118984
"300",166,"INIA DON ALBERTO/Itapúa 70",56.0841599999999
"301",723,"Itapua 40//ITAPUA-50/ITAPUA-40 ",54.5768310830017
"302",352,"ITAPUA 75/PEWIT1",53.0102399999996
"303",24,"WBLL2//MILAN/AMSEL",52.6553430932399
"304",505,"Itapúa 45/Itapúa 40//ALSEN",49.6635744483719
"305",465,"NOGAL/CD 104",49.5529027278844
"306",188,"S09/ALSEN",48.3190399999999
"307",424,"ND643/2*WBILL1//BR 18",44.2972800000002
"308",44,"WBLL2/4/BABAX/LR42//BABAX/3/BABAX/LR42",44.18932811588
"309",412,"KRONSTAD F04/ITAPUA 70",43.55456
"310",59,"ONIX//MILAN/AMSEL",43.5121217180772
"311",292,"NOGAL/ALSEN",43.0649600000002
"312",802,"WBLL4//BABAX.1B.1B*2/PRL/3/PASTOR/4/SOROCA",39.5270399999999
"313",624,"NOGAL/KASORO3//CANINDE 1",39.384
"314",614,"NOGAL/CANINDE 3//CD 150",38.61472
"315",372,"BRS GUAMIRIN/CATBIRD                                 ",37.4524799999999
"316",472,"NOGAL/CD 117",37.2925628670805
"317",789,"CANINDE 3/N002",34.5439703245565
"318",184,"NOGAL/BRS 229",30.9158400000001
"319",428,"ND643/4/2*SERI.1B*2/3/KAUZ*2/BOW//KAUZ/5/BRS GUAMIRIN",30.0364800000002
"320",481,"NOGAL/4/TRAP#1/BOW//PFAU/3/MILAN",26.8503906151445
"321",761,"Itapúa 75/4/PRL/SARA//TSI/VEE#5/3/FINSI",25.1545893201455
"322",645,"NOGAL/CD 104//CANINDE 11",24.1087813698991
"323",169,"INIA DON ALBERTO/Itapúa 70",23.0590471569749
"324",681,"NOGAL/Itapúa 75//CANINDE 1",21.6514126133466
"325",127,"ITAPUA 40/PEWIT1",19.7064188288678
"326",731,"ITAPUA 65/4/BABAX/PASTOR/3/KAUZ*2/YACO//KAUZ",15.4946528809328
"327",594,"BRS LAURO/PEWIT 1//CD 104",15.3273600000002
"328",387,"KRONSTAD F04/ITAPUA 65",15.1183321248313
"329",133,"ITAPUA 75/5/BABAX/LR42//BABAX*2/4/SIN/TRAP1/3KAUZ*2/TRAP/KAUZ",14
"330",856,"ND643/2*WBLL1/3/KIRITATI//2*PRL/2*PASTOR/4/BECARD",10
"331",808,"CD 116//ITAPUA-50/ITAPUA-40 ",8.9075200000002
"332",791,"CANINDE 3/N002",6.10908108218473
"333",619,"NOGAL/KASORO3//CANINDE 1",3.17144000705412
"334",754,"Itapúa 75/CD 104",2.35392000000002
"335",411,"KRONSTAD F04/ITAPUA 70",1.59000613825538
"336",214,"CANINDE 1/CD 150",1.54464000000007
"337",671,"NOGAL/Itapúa 75//CANINDE 1",1.53849045419884
"338",640,"CD 150",2.27373675443232e-12
"339",690,"CD 150",2.27373675443232e-12
"340",40,"CD 150",1.36424205265939e-12
"341",400,"DON ALBERTO",9.09494701772928e-13
"342",830,"CANINDE 21",9.09494701772928e-13
"343",60,"ITAPUA 75",4.54747350886464e-13
"344",90,"CD 150",4.54747350886464e-13
"345",390,"CD 150",4.54747350886464e-13
"346",430,"CANINDE 21",4.54747350886464e-13
"347",460,"ITAPUA 75",4.54747350886464e-13
"348",550,"DON ALBERTO",4.54747350886464e-13
"349",650,"DON ALBERTO",4.54747350886464e-13
"350",740,"CD 150",4.54747350886464e-13
"351",760,"ITAPUA 75",4.54747350886464e-13
"352",10,"ITAPUA 75",0
"353",30,"CANINDE 21",0
"354",50,"DON ALBERTO",0
"355",70,"ITAPUA 85",0
"356",110,"ITAPUA 75",0
"357",120,"ITAPUA 85",0
"358",130,"CANINDE 21",0
"359",160,"ITAPUA 75",0
"360",170,"ITAPUA 85",0
"361",180,"CANINDE 21",0
"362",200,"DON ALBERTO",0
"363",210,"ITAPUA 75",0
"364",220,"ITAPUA 85",0
"365",230,"CANINDE 21",0
"366",250,"DON ALBERTO",0
"367",260,"ITAPUA 75",0
"368",270,"ITAPUA 85",0
"369",280,"CANINDE 21",0
"370",300,"DON ALBERTO",0
"371",310,"ITAPUA 75",0
"372",320,"ITAPUA 85",0
"373",330,"CANINDE 21",0
"374",360,"ITAPUA 75",0
"375",380,"CANINDE 21",0
"376",410,"ITAPUA 75",0
"377",420,"ITAPUA 85",0
"378",470,"ITAPUA 85",0
"379",480,"CANINDE 21",0
"380",500,"DON ALBERTO",0
"381",510,"ITAPUA 75",0
"382",520,"ITAPUA 85",0
"383",530,"CANINDE 21",0
"384",540,"CD 150",0
"385",560,"ITAPUA 75",0
"386",570,"ITAPUA 85",0
"387",580,"CANINDE 21",0
"388",590,"CD 150",0
"389",600,"DON ALBERTO",0
"390",610,"ITAPUA 75",0
"391",620,"ITAPUA 85",0
"392",630,"CANINDE 21",0
"393",670,"ITAPUA 85",0
"394",680,"CANINDE 21",0
"395",700,"DON ALBERTO",0
"396",710,"ITAPUA 75",0
"397",730,"CANINDE 21",0
"398",750,"DON ALBERTO",0
"399",780,"CANINDE 21",0
"400",790,"CD 150",0
"401",800,"DON ALBERTO",0
"402",810,"ITAPUA 75",0
"403",820,"ITAPUA 85",0
"404",840,"CD 150",0
"405",860,"ITAPUA 75",0
"406",870,"ITAPUA 85",0
"407",880,"CANINDE 21",0
"408",900,"DON ALBERTO",0
"409",150,"DON ALBERTO",-4.54747350886464e-13
"410",290,"CD 150",-4.54747350886464e-13
"411",370,"ITAPUA 85",-4.54747350886464e-13
"412",450,"DON ALBERTO",-4.54747350886464e-13
"413",720,"ITAPUA 85",-4.54747350886464e-13
"414",770,"ITAPUA 85",-4.54747350886464e-13
"415",20,"ITAPUA 85",-9.09494701772928e-13
"416",100,"DON ALBERTO",-9.09494701772928e-13
"417",140,"CD 150",-9.09494701772928e-13
"418",190,"CD 150",-9.09494701772928e-13
"419",240,"CD 150",-9.09494701772928e-13
"420",440,"CD 150",-9.09494701772928e-13
"421",490,"CD 150",-9.09494701772928e-13
"422",850,"DON ALBERTO",-9.09494701772928e-13
"423",890,"CD 150",-9.09494701772928e-13
"424",910,"ITAPUA 75",-9.09494701772928e-13
"425",80,"CANINDE 21",-1.36424205265939e-12
"426",340,"CD 150",-1.36424205265939e-12
"427",660,"ITAPUA 75",-1.36424205265939e-12
"428",350,"DON ALBERTO",-2.27373675443232e-12
"429",157,"TNMU/6/CEP80111/CEP81165/5/MRNG/4/YKT406/3/AG/ASN//ATR/7/BABAX/LR42//BABAX/3/BABAX/LR42/8/CD114",-2.32107302647819
"430",636,"NOGAL/KASORO3//CANINDE 1",-5.79935999999998
"431",775,"CANINDE 3/CD 104",-7.18270188788028
"432",643,"NOGAL/CD 104//CANINDE 11",-7.93614134762083
"433",793,"Caninde 11/5/VEE/MJI//2*TUI/3/PASTOR/4/BERKUT",-8.49513928615306
"434",739,"ITAPUA 70//ITAPUA-50/ITAPUA-40 ",-8.98266347419303
"435",301,"NOGAL/ALSEN",-9.69896348335169
"436",535,"TNMU/CHAPIO//CD 116",-10.1044502148952
"437",842,"KRONSTAD F2004//ND643/2*WBLL1/3/WHEAR/KRONSTAD F2004",-14.7340800000002
"438",89,"PARULA/CD 104",-14.8144225337815
"439",595,"BRS LAURO/PEWIT 1//CD 104",-16.7142735291527
"440",669,"NOGAL/Itapúa 75//CANINDE 1",-17.4280275265801
"441",852,"ND643/2*WBLL1//HEILO",-21.8990141221875
"442",407,"KRONSTAD F04/CATBIRD                                 ",-22.5081343868187
"443",461,"NOGAL/ALSEN",-22.9671600645252
"444",574,"INIA DON ALBERTO/Itapúa 75",-31.8656000000001
"445",522,"Itapúa 75/CD 108",-33.9872
"446",487,"NOGAL/Itapúa 75",-35.6895119358987
"447",388,"KRONSTAD F04/ITAPUA 65",-39.2790399999999
"448",31,"CD 104/4/BABAX/LR42//BABAX/3/BABAX/LR42",-39.7216317766488
"449",872,"KRL 19/5/BABAX/LR42//BABAX*2/4/SNI/TRAP#1/3/KAUZ*2/TRAP//KAUZ",-41.1306684950478
"450",644,"NOGAL/CD 104//CANINDE 11",-43.0448414373482
"451",578,"INIA DON ALBERTO/Itapúa 75",-45.3369600000001
"452",799,"IAN 15/3/PFAU/WEAVER*2//TRANSFER#12,P88.272.2",-49.96220688945
"453",368,"BRS GUAMIRIN/ITAPUA 65",-57.95264
"454",341,"S09/CD 114",-58.0463036342253
"455",705,"NOGAL/ALSEN",-58.2389838346644
"456",536,"TNMU/CHAPIO//CD 104",-60.8371199999997
"457",81,"E-04256/CD108//MILAN/MUNIA",-62.2231982854228
"458",752,"ITAPUA 70/IPR-144",-62.44704
"459",684,"NOGAL/Itapúa 75//CANINDE 1",-69.5504090898949
"460",691,"NOGAL/Itapúa 75//CANINDE 1",-70.3803079509421
"461",391,"KRONSTAD F04/ITAPUA 65",-70.9552561631281
"462",762,"Itapúa 75/4/PRL/SARA//TSI/VEE#5/3/FINSI",-73.4620799999998
"463",685,"NOGAL/Itapúa 75//CANINDE 1",-75.2603787430548
"464",426,"ND643/2*WBILL1//BR 18",-76.69472
"465",563,"ITAPUA 45/CORDILLERA 4//ITAPUA 70",-78.4528498967961
"466",19,"CANINDE/4/WBLL4//BABAX.1B.1B*2/PRL/3/PASTOR",-78.5769596187261
"467",573,"INIA DON ALBERTO/Itapúa 75",-81.5564240704311
"468",664,"NOGAL/5/PSN/BOW//SERI/3/MILAN/4/ATTILA/6/CD 108",-83.5993930234399
"469",359,"BABAX/LR42//BABAX/3/BABAX/LR42//BABAX/4/CANINDE 1",-84.6221180782727
"470",194,"CATBIRD/BABAX 42",-87.9337599999994
"471",68,"E-04256/CD108//MILAN/MUNIA",-88.6831999999999
"472",63,"ONIX//MILAN/AMSEL",-89.2461091832611
"473",421,"ND643/2*WBILL1//ITAPUA 40      ",-89.2978273655249
"474",694,"NOGAL/Itapúa 75//CANINDE 1",-89.6828799999998
"475",696,"NOGAL/Itapúa 75//CANINDE 1",-90.0780799999998
"476",429,"KIRITATI/2*WBLL1//ITAPUA 40      ",-93.0107674559058
"477",622,"NOGAL/KASORO3//CANINDE 1",-94.8406399999999
"478",827,"PFAU/WEAVER*2//TRANSFER#12,P88.272.2*2/4/CHIBIA//PRLII/CM65531/3/SKAUZ/BAV92",-95.7867847434809
"479",621,"NOGAL/KASORO3//CANINDE 1",-101.409241596994
"480",46,"WBLL2/4/BABAX/LR42//BABAX/3/BABAX/LR42",-102.97344
"481",682,"NOGAL/Itapúa 75//CANINDE 1",-104.093419678567
"482",339,"S09/CD 114",-108.460031213443
"483",141,"CD 112/4/BABAX/LR42//BABAX*2/3/TUKURU",-110.936762078328
"484",324,"NOGAL/CD 117",-111.300222136444
"485",174,"INIA DON ALBERTO/Itapúa 70",-113.59456
"486",73,"E-04256/CD108//MILAN/MUNIA",-116.576959618726
"487",795,"Caninde 11/N002",-116.823754123257
"488",223,"TOLLOCAN F05/4/TRAP#1/BOW//PFAU/3/MILAN",-118.075944603865
"489",751,"ITAPUA 70/IPR-144",-120.979458437789
"490",33,"ONIX//MILAN/AMSEL",-123
"491",179,"NOGAL/BRS 229",-123.612237993616
"492",266,"NOGAL/CANINDE 3",-124.028120410952
"493",205,"Itapúa 75/6/SKAUZ/PARUS//PARUS/5/CNDO/R143//ENTE/MEXI75/3/AE.SQ/4/2*OCI",-127.144471221163
"494",661,"NOGAL/CANINDE 1//CD 150",-128.584215109885
"495",596,"BRS LAURO/PEWIT 1//CD 104",-129.61472
"496",823,"KRICHAUFF/2*PASTOR/4/CROC_1/AE.SQUARROSA (224)//2*OPATA/3/2*RAC655/5/PARUS/PASTOR",-132.105848972128
"497",735,"ITAPUA 65/KLEIN ZORRO",-137.528899888402
"498",128,"ITAPUA 40/5/BABAX/LR42//BABAX*2/4/SIN/TRAP1/3KAUZ*2/TRAP/KAUZ",-138.3424
"499",532,"BRS 229/ITAPUA 40      ",-140
"500",857,"VOROBEY",-140
"501",577,"INIA DON ALBERTO/Itapúa 75",-140.924975670984
"502",868,"BABAX/LR42//BABAX*2/3/PAVON 7S3, +LR47/4/WBLL1*2/BRAMBLING",-149.219002076635
"503",879,"BABAX/LR42//BABAX/3/ER2000/4/NAVJ07",-151.5
"504",811,"CD 116/3/NING MAI 96035/FINSI//HEILO",-152.257595715588
"505",71,"E-04256/CD108//MILAN/MUNIA",-153.5
"506",342,"S09/CD 114",-156
"507",138,"CD 112/4/BABAX/LR42//BABAX*2/3/TUKURU",-156.44192
"508",749,"ITAPUA 70/IPR-144",-158.868036565891
"509",385,"BRS GUAMIRIN/CANINDE 1",-159.733814285477
"510",167,"INIA DON ALBERTO/Itapúa 70",-160.71194927043
"511",62,"ONIX//MILAN/AMSEL",-160.868980727594
"512",773,"CANINDE 3/CD 104",-165.94529638763
"513",87,"PARULA/CD 104",-167.127947891729
"514",511,"ONIX//MILAN/AMSEL",-167.683930625151
"515",597,"BRS LAURO/PEWIT 1//CD 104",-175.093718447383
"516",361,"BABAX/LR42//BABAX/3/BABAX/LR42//BABAX/4/CANINDE 1",-175.253655568065
"517",818,"ATTILA/3*BCN*2//BAV92/3/HEILO/4/CHIBIA//PRLII/CM65531/3/SKAUZ/BAV92",-176
"518",408,"KRONSTAD F04/CATBIRD                                 ",-176.77696
"519",553,"ITAPUA 45/CORDILLERA 4//CANINDE 1",-177.121483938998
"520",545,"WAXWING//PFAU/WEAVER/3/BRS 208",-180.486009441028
"521",261,"NOGAL/CANINDE 3",-182.180969706083
"522",17,"CANINDE 3/Prointa Granar",-182.5
"523",256,"NOGAL/CANINDE 3",-182.51072
"524",632,"NOGAL/KASORO3//CANINDE 1",-183.66304
"525",416,"ND643/2*WBILL1//ITAPUA 75",-183.67488
"526",239,"GOV/AZ//MUS/3/DODO/4/BOW/5/CBRD/6/Itapúa 75",-187.149535416219
"527",95,"PARULA/CD 104",-187.463835963894
"528",161,"Itapúa 45/Itapúa 40//CD 150",-188.517222286048
"529",255,"NOGAL/CANINDE 3",-188.837819068246
"530",586,"RDWG/MILAN/3/WHU1/VEE#5//CBRD/4/CD 117/5/ND643/2*WBLL1",-189.01152
"531",61,"ONIX//MILAN/AMSEL",-190.553128035513
"532",275,"NOGAL/KASORO3",-191.83856688647
"533",351,"ITAPUA 75/PEWIT1",-192.834561113291
"534",677,"NOGAL/Itapúa 75//CANINDE 1",-193.512878447462
"535",541,"TNMU/CHAPIO//ITAPUA 40/IAN 10",-193.922467641421
"536",484,"NOGAL/Itapúa 75",-194.27872
"537",741,"ITAPUA 70//WBLL1*2/TUKURU",-194.493278124558
"538",803,"WBLL1*2/TUKURU/3/WAXWING//PFAU/WEAVER",-194.813622279738
"539",883,"CHIRYA.3",-197.117088774217
"540",502,"Itapúa 45/Itapúa 40//ALSEN",-200.68896
"541",392,"KRONSTAD F04/ITAPUA 65",-201.58304
"542",92,"PARULA/CD 104",-202
"543",199,"Itapúa 75/6/SKAUZ/PARUS//PARUS/5/CNDO/R143//ENTE/MEXI75/3/AE.SQ/4/2*OCI",-204.893753263545
"544",663,"NOGAL/CANINDE 1//CD 150",-206.232878419608
"545",499,"Itapúa 45/Itapúa 40//ALSEN",-206.86167243119
"546",503,"Itapúa 45/Itapúa 40//ALSEN",-208.812078929814
"547",442,"SAAR/3/PFAU/SERI.1B//AMAD/4/IPR 85",-209.72096
"548",155,"TNMU/6/CEP80111/CEP81165/5/MRNG/4/YKT406/3/AG/ASN//ATR/7/BABAX/LR42//BABAX/3/BABAX/LR42/8/CD114",-210.351372804936
"549",228,"Itapúa 45/Itapúa 40//ALSEN",-215.311812527294
"550",537,"TNMU/CHAPIO//ITAPUA 40/KURUKU",-217.322813461602
"551",401,"KRONSTAD F04/ITAPUA 65",-220.090478123299
"552",526,"CANINDE 12/3/PRINIA/BERKUT//PFAU/MILAN",-223.39904
"553",187,"S09/ALSEN",-228.360132613423
"554",216,"CANINDE 1/CD 116",-228.7552
"555",888,"KACHU #1/4/CROC_1/AE.SQUARROSA (205)//KAUZ/3/SASIA/5/KACHU",-229.817308342832
"556",198,"CATBIRD/BABAX 42",-232.1136
"557",906,"CNO79//PF70354/MUS/3/PASTOR/4/BAV92*2/5/HAR311",-232.972912481482
"558",455,"NOGAL/KASORO3",-236.03775888316
"559",488,"NOGAL/Itapúa 75",-237.08128
"560",572,"IAN 10/ITAPUA 65//CD 150",-239.41984
"561",837,"SWSR22T.B./KACHU//2*KACHU",-240.126064034216
"562",415,"ND643/2*WBILL1//ITAPUA 75",-241.112183066219
"563",655,"NOGAL/Itapúa 70//CANINDE 1",-244.054008899115
"564",656,"NOGAL/Itapúa 70//CANINDE 1",-246.42528
"565",514,"ONIX//MILAN/AMSEL",-248.086458415794
"566",371,"BRS GUAMIRIN/CATBIRD                                 ",-248.938527992235
"567",397,"KRONSTAD F04/ITAPUA 65",-249.000120591807
"568",156,"TNMU/6/CEP80111/CEP81165/5/MRNG/4/YKT406/3/AG/ASN//ATR/7/BABAX/LR42//BABAX/3/BABAX/LR42/8/CD114",-249.40544
"569",234,"CRONOX/CANINDE 1",-252.2448
"570",219,"TOLLOCAN F05/4/TRAP#1/BOW//PFAU/3/MILAN",-257.04484387033
"571",367,"BRS GUAMIRIN/ITAPUA 65",-260.425725542201
"572",519,"Itapúa 75/CD 108",-261.746867781663
"573",559,"ITAPUA 45/CORDILLERA 4//ITAPUA 70",-263.647376139669
"574",319,"NOGAL/CD 117",-265.968082528719
"575",53,"WBLL2//MILAN/AMSEL",-267.5
"576",252,"NOGAL/CANINDE 3",-269.8864
"577",815,"CD 150/ACA 901",-272.142670479163
"578",625,"NOGAL/KASORO3//CANINDE 1",-273.487304565102
"579",858,"MUTUS//ND643/2*WBLL1",-274
"580",213,"CANINDE 1/CD 150",-274.240058604292
"581",64,"ONIX//MILAN/AMSEL",-275.02656
"582",889,"KAUZ/PASTOR//PBW343/3/HAR311/5/OASIS/SKAUZ//4*BCN/3/PASTOR/4/KAUZ*3/YACO",-275.599398101272
"583",516,"ONIX//MILAN/AMSEL",-280.25364202882
"584",485,"NOGAL/Itapúa 75",-280.355895716702
"585",725,"Itapua 40 /ACA 901",-282.412994611555
"586",641,"NOGAL/CD 104//CANINDE 11",-283.491894068637
"587",431,"KIRITATI/2*WBLL1//ITAPUA 40      ",-284.022384419838
"588",43,"PANDORA-INIA/ITAPUA 75//ITAPUA 70",-285.28402111206
"589",512,"ONIX//MILAN/AMSEL",-289.112591380392
"590",142,"ND643/2*WBILL1//CD 114",-292.56032
"591",158,"Itapúa 45/Itapúa 40//CD 150",-294.41632
"592",263,"NOGAL/CANINDE 3",-295.48524747292
"593",506,"Itapúa 45/Itapúa 40//ALSEN",-296.77696
"594",633,"NOGAL/KASORO3//CANINDE 1",-297.013183257115
"595",3,"CANINDE 1/Prointa Granar",-297.32921712519
"596",93,"PARULA/CD 104",-297.802967695777
"597",826,"ND643//2*PRL/2*PASTOR*2/3/HEILO",-301.17536
"598",913,"BAJ #1/FRNCLN",-301.5
"599",699,"NOGAL/Itapúa 75//CANINDE 1",-301.629806364673
"600",884,"ALTAR 84/AE.SQUARROSA (221)//3*BORL95/3/URES/JUN//KAUZ/4/WBLL1/5/REH/HARE//2*BCN/3/CROC_1/AE.SQUARROSA (213)//PGO/4/HUITES",-301.907073079675
"601",587,"RDWG/MILAN/3/WHU1/VEE#5//CBRD/4/CD 117/5/ND643/2*WBLL1",-303.786167068806
"602",562,"ITAPUA 45/CORDILLERA 4//ITAPUA 70",-311.31328
"603",209,"CANINDE 1/4/TRAP#1/BOW//PFAU/3/MILAN",-311.580035508323
"604",197,"CATBIRD/BABAX 42",-315.216786807004
"605",272,"NOGAL/KASORO3",-315.71136
"606",544,"ITAPUA 40/KURUKU//E CARDENAL/TNMU",-316.60096
"607",384,"BRS GUAMIRIN/CANINDE 1",-317.34112
"608",378,"BRS GUAMIRIN/CANINDE 3",-318.61952
"609",568,"SOROCA/4/GOMAM/GRU90-205266//PASTOR/OPATA/3/BABAX/KS93U76//BABAX",-320.15936
"610",196,"CATBIRD/BABAX 42",-322.54464
"611",835,"ROLF07*2/SHORTENED SR26 TRANSLOCATION",-323.928011437489
"612",447,"SAAR/3/PFAU/SERI.1B//AMAD/4/CD104",-324.735175720104
"613",83,"PARULA/CD 104",-324.81019408965
"614",854,"ND643/2*WBLL1/4/CHIBIA//PRLII/CM65531/3/SKAUZ/BAV92/5/BECARD",-325.121363286938
"615",647,"CANINDE 11 ",-325.867583567373
"616",464,"NOGAL/CD 104",-326.18336
"617",598,"BRS LAURO/PEWIT 1//CD 104",-326.28288
"618",753,"ITAPUA 70/IPR-144",-327.684698118954
"619",273,"NOGAL/KASORO3",-330.653198671557
"620",756,"Itapúa 75//ITAPUA 40/KURUKU",-333.60736
"621",564,"SOROCA/4/PRL/VEE#6//CLMS/3/ITAPUA 60",-334.17824
"622",686,"NOGAL/Itapúa 75//CANINDE 1",-335.09569675922
"623",143,"BRBT1*2/KIRITATI//PF 953048/IAPAR 18",-335.725254503579
"624",317,"NOGAL/CD 117",-337.161168484765
"625",498,"Itapúa 45/Itapúa 40//ALSEN",-339.786720564111
"626",399,"KRONSTAD F04/ITAPUA 65",-340.733639487301
"627",419,"ND643/2*WBILL1//ITAPUA 40      ",-341.676132190931
"628",463,"NOGAL/CD 104",-342.188170996911
"629",152,"CANINDE//NG8675/CBRD/3/CANINDE 1",-343
"630",824,"SKAUZ*2/FCT//VORB",-343.42656
"631",592,"BRS LAURO/CANINDE 1//CD 150",-344.1408
"632",813,"CD 108/ACA 901",-347.479130976858
"633",822,"CROC_1/AE.SQUARROSA (224)//OPATA/3/ALTAR 84/AEGILOPS SQUARROSA (TAUS)//OPATA/4/PASTOR/5/SOKOLL",-351.49056
"634",467,"NOGAL/CD 117",-352.146789592998
"635",185,"MILAN/MUNIA/3/PASTOR//MUNIA/ALTAR 84/4/MILAN/DUCULA/5/PEWIT 1",-352.394048989122
"636",269,"NOGAL/CANINDE 3",-354.892036319524
"637",479,"NOGAL/4/TRAP#1/BOW//PFAU/3/MILAN",-355.254466471947
"638",483,"NOGAL/Itapúa 75",-355.868436400679
"639",567,"SOROCA/4/GOMAM/GRU90-205266//PASTOR/OPATA/3/BABAX/KS93U76//BABAX",-357.434338724701
"640",414,"ND643/2*WBILL1//CANINDE 1",-358.99136
"641",747,"ITAPUA 70/5/VEE/MJI//2*TUI/3/PASTOR/4/BERKUT",-361.403792398966
"642",373,"BRS GUAMIRIN/CATBIRD                                 ",-365.371394682609
"643",679,"NOGAL/Itapúa 75//CANINDE 1",-365.665967443905
"644",743,"ITAPUA 70/5/VEE/MJI//2*TUI/3/PASTOR/4/BERKUT",-370.714511817304
"645",909,"QUAIU #1*2/JUCHI",-372.19064465505
"646",427,"ND643/2*WBILL1//PF 953048/IAPAR 18",-373.044892614118
"647",744,"ITAPUA 70/5/VEE/MJI//2*TUI/3/PASTOR/4/BERKUT",-373.32256
"648",38,"PF 953048/IAPAR 18/4/BABAX/LR42//BABAX/3/BABAX/LR42//BABAX",-377
"649",175,"INIA DON ALBERTO/Itapúa 70",-380.166518128919
"650",114,"Itapua 40/IAN 10",-382
"651",206,"Itapúa 75/6/SKAUZ/PARUS//PARUS/5/CNDO/R143//ENTE/MEXI75/3/AE.SQ/4/2*OCI",-382.42272
"652",692,"NOGAL/Itapúa 75//CANINDE 1",-385.61696
"653",608,"NOGAL/CANINDE 3//CD 150",-387.96839740938
"654",262,"NOGAL/CANINDE 3",-388.44672
"655",521,"Itapúa 75/CD 108",-394.093823605441
"656",201,"Itapúa 75/6/SKAUZ/PARUS//PARUS/5/CNDO/R143//ENTE/MEXI75/3/AE.SQ/4/2*OCI",-395.797684479835
"657",763,"Itapúa 75/KLEIN LEON ",-397.088605598779
"658",895,"VORB/3/T.DICOCCON PI94625/AE.SQUARROSA (372)//3*PASTOR",-399.5
"659",374,"BRS GUAMIRIN/CANINDE 3",-399.82528
"660",75,"E-04256/CD108//MILAN/MUNIA",-403.802967695777
"661",144,"BRBT1*2/KIRITATI//PF 953048/IAPAR 18",-406.49824
"662",736,"ITAPUA 65/KLEIN LEON ",-408.35392
"663",588,"PRL/VEE#6//CLMS/3/ALCOVER/4/CD 104/5/ITAPUA 40/KURUKU",-410.312
"664",593,"BRS LAURO/CANINDE 1//CD 150",-412.61663781103
"665",729,"ITAPUA 65/4/BABAX/PASTOR/3/KAUZ*2/YACO//KAUZ",-415.595416928278
"666",831,"VILLA JUAREZ F2009/HEILO",-417.717364267448
"667",745,"ITAPUA 70/5/VEE/MJI//2*TUI/3/PASTOR/4/BERKUT",-421.390419890356
"668",549,"ITAPUA 45/CORDILLERA 4//ITAPUA 40/KURUKU",-426.283735730615
"669",56,"WBLL2//MILAN/AMSEL",-428
"670",94,"PARULA/CD 104",-428
"671",436,"SAAR/3/PFAU/SERI.1B//AMAD/4/BR 18",-429.438345637768
"672",212,"CANINDE 1/CD 150",-429.58368
"673",874,"KACHU*2/3/ND643//2*PRL/2*PASTOR",-429.832726038135
"674",689,"NOGAL/Itapúa 75//CANINDE 1",-430.133314361771
"675",435,"SAAR/3/PFAU/SERI.1B//AMAD/4/BR 18",-430.673691970545
"676",683,"NOGAL/Itapúa 75//CANINDE 1",-431.192811342949
"677",318,"NOGAL/CD 117",-436.45248
"678",178,"NOGAL/BRS 229",-438.86752
"679",556,"ITAPUA 45/CORDILLERA 4//Itapúa 75",-439.1344
"680",903,"KACHU/KINDE",-439.386813168591
"681",693,"NOGAL/Itapúa 75//CANINDE 1",-439.979423025855
"682",875,"KACHU*2/3/ND643//2*PRL/2*PASTOR",-440
"683",637,"NOGAL/CD 104//CANINDE 11",-444.017791461357
"684",829,"WAXWING*2/TUKURU//HEILO",-447.300328796271
"685",241,"GOV/AZ//MUS/3/DODO/4/BOW/5/CBRD/6/Itapúa 70",-451.606325390112
"686",798,"IAN 15//ITAPUA-50/ITAPUA-40 ",-453.258872704085
"687",581,"E 97034/ORL 99220//Itapúa 75",-455.685452881987
"688",626,"NOGAL/KASORO3//CANINDE 1",-458.72302890664
"689",98,"Itapua 40/IAN 10",-458.876734806126
"690",543,"ITAPUA 40/KURUKU//CD 118",-460.086002203503
"691",554,"ITAPUA 45/CORDILLERA 4//CANINDE 1",-461.16288
"692",439,"SAAR/3/PFAU/SERI.1B//AMAD/4/IPR 85",-462.176162722543
"693",221,"TOLLOCAN F05/4/TRAP#1/BOW//PFAU/3/MILAN",-466.387328271362
"694",697,"NOGAL/Itapúa 75//CANINDE 1",-468.194418308658
"695",377,"BRS GUAMIRIN/CANINDE 3",-469.77146437268
"696",552,"ITAPUA 45/CORDILLERA 4//CANINDE 1",-470.026947500101
"697",727,"Itapua 40/LE 2333",-471.25252539613
"698",65,"ONIX//MILAN/AMSEL",-471.773039248958
"699",445,"SAAR/3/PFAU/SERI.1B//AMAD/4/CD104",-471.961689673105
"700",716,"Itapúa 45/Itapúa 40//ALSEN",-479.72672
"701",67,"E-04256/CD108//MILAN/MUNIA",-481.851691212169
"702",634,"NOGAL/KASORO3//CANINDE 1",-482.051839999999
"703",379,"BRS GUAMIRIN/CANINDE 3",-482.879237253308
"704",116,"Itapua 40/IAN 10",-484.77901180137
"705",76,"E-04256/CD108//MILAN/MUNIA",-487
"706",794,"Caninde 11/N002",-487.495999999999
"707",159,"Itapúa 45/Itapúa 40//CD 150",-487.986802559195
"708",834,"MUNAL*2/WESTONIA",-488.437418579133
"709",865,"CHIBIA//PRLII/CM65531/3/FISCAL*2/4/TAM200/TURACO",-491.30977768072
"710",742,"ITAPUA 70//WBLL1*2/TUKURU",-493.481922233714
"711",203,"Itapúa 75/6/SKAUZ/PARUS//PARUS/5/CNDO/R143//ENTE/MEXI75/3/AE.SQ/4/2*OCI",-496.015619853084
"712",274,"NOGAL/KASORO3",-498.48928
"713",675,"NOGAL/Itapúa 75//CANINDE 1",-500.502453540657
"714",51,"WBLL2//MILAN/AMSEL",-505
"715",724,"Itapua 40/3/PFAU/WEAVER*2//TRANSFER#12,P88.272.2",-508.211111853488
"716",765,"CANINDE 1//WBLL1*2/TUKURU",-509.643350749033
"717",539,"TNMU/CHAPIO//ITAPUA 40/IAN 10",-510.70039804414
"718",349,"ITAPUA 40      /PEWIT1",-511.11981571132
"719",718,"NOGAL/CD 104",-513.56256
"720",652,"NOGAL/Itapúa 70//CANINDE 1",-514.71712
"721",337,"S09/CD 114",-520.918197352293
"722",462,"NOGAL/ALSEN",-521.22304
"723",57,"WBLL2//MILAN/AMSEL",-523.802967695777
"724",758,"Itapúa 75//ITAPUA 40/KURUKU",-525.472
"725",454,"NOGAL/KASORO3",-525.581631222128
"726",466,"NOGAL/CD 117",-530.72128
"727",267,"NOGAL/CANINDE 3",-536.633964703269
"728",84,"PARULA/CD 104",-537.44032
"729",124,"Itapua 40/3/ITP35/PF84432//CORD4",-537.47424
"730",97,"Itapua 40/IAN 10",-546.395275835683
"731",653,"NOGAL/Itapúa 70//CANINDE 1",-547.102591867798
"732",69,"E-04256/CD108//MILAN/MUNIA",-551.36767277227
"733",701,"NOGAL/Itapúa 75//CANINDE 1",-551.539011610115
"734",864,"CHIBIA//PRLII/CM65531/3/FISCAL*2/4/TAM200/TURACO",-552.569280000001
"735",709,"NOGAL/CD 104",-553.612919940316
"736",55,"WBLL2//MILAN/AMSEL",-554.576959618726
"737",873,"BJY/COC//PRL/BOW/3/FRTL/5/BABAX/LR42//BABAX*2/4/SNI/TRAP#1/3/KAUZ*2/TRAP//KAUZ",-558.391894057679
"738",177,"NOGAL/BRS 229",-563.070180501527
"739",276,"NOGAL/KASORO3",-563.30208
"740",438,"SAAR/3/PFAU/SERI.1B//AMAD/4/BR 18",-564
"741",417,"ND643/2*WBILL1//ITAPUA 75",-565.894015382646
"742",13,"CANINDE 1/PARAGUA CIAT",-569.721631776649
"743",551,"ITAPUA 45/CORDILLERA 4//CANINDE 1",-570.089309217111
"744",538,"TNMU/CHAPIO//ITAPUA 40/KURUKU",-571.8592
"745",776,"CANINDE 3/ONIX",-573.504
"746",294,"NOGAL/ALSEN",-578.69792
"747",236,"GOV/AZ//MUS/3/DODO/4/BOW/5/CBRD/6/Itapúa 75",-578.92448
"748",737,"ITAPUA 70//TNMU/CHAPIO",-579.436285645559
"749",176,"INIA DON ALBERTO/Itapúa 70",-583.06624
"750",277,"NOGAL/KASORO3",-584.538125056749
"751",583,"Itapúa 70//ITAPUA 40/IAN 10/3/CD 150",-590.457588770744
"752",171,"INIA DON ALBERTO/Itapúa 70",-590.5
"753",336,"S09/CD 114",-590.69536
"754",82,"PARULA/CD 104",-591.534079999999
"755",365,"BABAX/LR42//BABAX/3/BABAX/LR42//BABAX/4/FUNDACEP 30",-591.664490374425
"756",42,"PANDORA-INIA/ITAPUA 75//ITAPUA 70",-594.846657976271
"757",441,"SAAR/3/PFAU/SERI.1B//AMAD/4/IPR 85",-600.538576813078
"758",582,"E 97034/ORL 99220//Itapúa 75",-600.63232
"759",52,"WBLL2//MILAN/AMSEL",-608
"760",557,"ITAPUA 45/CORDILLERA 4//Itapúa 75",-611.695452927084
"761",281,"NOGAL/ALSEN",-612.779246427572
"762",584,"Itapúa 70//ITAPUA 40/IAN 10/3/CD 150",-613.53728
"763",819,"WBLL1*2/KKTS//KIRITATI",-622.126064034216
"764",363,"BABAX/LR42//BABAX/3/BABAX/LR42//BABAX/4/PARAGUA CIAT",-630.162719760532
"765",225,"TOLLOCAN F05/4/TRAP#1/BOW//PFAU/3/MILAN",-631.909350440878
"766",338,"S09/CD 114",-633.41696
"767",746,"ITAPUA 70/5/VEE/MJI//2*TUI/3/PASTOR/4/BERKUT",-633.58368
"768",651,"NOGAL/Itapúa 70//CANINDE 1",-638.518515271051
"769",777,"CANINDE 3//TNMU/CHAPIO",-642.742341355208
"770",456,"NOGAL/KASORO3",-643.056271042735
"771",14,"CORD 3//RL 6040=Thatcher *7/Translocation 4=Lr19",-649
"772",149,"BRBT1*2/KIRITATI//BRS 208",-652.358172622115
"773",74,"E-04256/CD108//MILAN/MUNIA",-657
"774",911,"BRBT1*2/KIRITATI//FRNCLN",-659.578191862898
"775",566,"SOROCA/3/PRINIA/BERKUT//PFAU/MILAN",-660.46272
"776",513,"ONIX//MILAN/AMSEL",-661.165170155454
"777",892,"TUKURU//BAV92/RAYON*2/3/PVN",-662.668006133281
"778",253,"NOGAL/CANINDE 3",-670.518544267774
"779",446,"SAAR/3/PFAU/SERI.1B//AMAD/4/CD104",-671.81664
"780",364,"BABAX/LR42//BABAX/3/BABAX/LR42//BABAX/4/FUNDACEP 30",-672.29376
"781",66,"ONIX//MILAN/AMSEL",-675.55968
"782",862,"ND643/2*WBLL1//KACHU",-676.90752
"783",881,"NING MAI 96035/FINSI//HEILO/3/NAVJ07",-676.985755999942
"784",821,"BABAX/LR42//BABAX*2/3/TUKURU*2/4/HEILO",-677.81676691795
"785",47,"WBLL2//MILAN/AMSEL",-684.782782374652
"786",866,"BABAX/LR42//BABAX*2/4/SNI/TRAP#1/3/KAUZ*2/TRAP//KAUZ/5/WHEAR/SOKOLL",-691.080093840557
"787",249,"NOGAL/CANINDE 3",-691.247631605154
"788",366,"BRS GUAMIRIN/ITAPUA 65",-692.65888
"789",151,"BRBT1*2/KIRITATI//BRS 208",-698
"790",728,"Itapúa 45/4/BABAX/PASTOR/3/KAUZ*2/YACO//KAUZ",-705.07424
"791",674,"NOGAL/Itapúa 75//CANINDE 1",-707.57472
"792",148,"BRBT1*2/KIRITATI/3/SRMA/TUI//BABAX",-707.66912
"793",855,"ND643/2*WBLL1/4/CHIBIA//PRLII/CM65531/3/SKAUZ/BAV92/5/BECARD",-708.61553035571
"794",825,"VORB/4/D67.2/PARANA 66.270//AE.SQUARROSA (320)/3/CUNNINGHAM/5/D67.2/PARANA 66.270//AE.SQUARROSA (320)/3/CUNNINGHAM",-708.854805606852
"795",638,"NOGAL/CD 104//CANINDE 11",-710.38304
"796",451,"BRBT1*2/KIRITATI/3/SRMA/TUI//BABAX",-715.054335718845
"797",517,"ONIX//MILAN/AMSEL",-715.212391602939
"798",894,"VORB*2/3/PFAU/WEAVER//KIRITATI",-721
"799",782,"CANINDE 3/4/BABAX/PASTOR/3/KAUZ*2/YACO//KAUZ",-722.92576
"800",766,"CANINDE 1//\ND643/2*WBLL1",-723.83328
"801",738,"ITAPUA 70//ITAPUA 40/KURUKU",-726.06848
"802",774,"CANINDE 3/CD 104",-728.39264
"803",904,"KACHU/KINDE",-730.404688517289
"804",37,"F3 DESC CRIA 2011",-733.576959618726
"805",453,"NOGAL/KASORO3",-736.0348192969
"806",869,"VEE#8//JUP/BJY/3/F3.71/TRM/4/BCN/5/KAUZ/6/MILAN/KAUZ/7/SKAUZ/PARUS//PARUS/8/BABAX/LR42//BABAX*2/4/SNI/TRAP#1/3/KAUZ*2/TRAP//KAUZ",-739.000328529592
"807",482,"NOGAL/Itapúa 75",-741.03648
"808",147,"BRBT1*2/KIRITATI/3/SRMA/TUI//BABAX",-741.775053873461
"809",443,"SAAR/3/PFAU/SERI.1B//AMAD/4/CD104",-751.222077803424
"810",914,"WEAVER/TSC//WEAVER/3/WEAVER/4/2*SERI.1B*2/3/KAUZ*2/BOW//KAUZ/5/WHEAR/VIVITSI//WHEAR",-753
"811",469,"NOGAL/CD 117",-753.780154145069
"812",642,"NOGAL/CD 104//CANINDE 11",-755.688
"813",846,"PFAU/MILAN/5/CHEN/AEGILOPS SQUARROSA (TAUS)//BCN/3/VEE#7/BOW/4/PASTOR/6/2*BAVIS #1",-759.43072
"814",369,"BRS GUAMIRIN/ITAPUA 65",-768.216356466671
"815",49,"WBLL2//MILAN/AMSEL",-774.915029367337
"816",224,"TOLLOCAN F05/4/TRAP#1/BOW//PFAU/3/MILAN",-779.57728
"817",916,"PBW65/2*PASTOR/3/KIRITATI//ATTILA*2/PASTOR/4/DANPHE #1",-799
"818",861,"MUTUS//ND643/2*WBLL1",-804.563273254171
"819",902,"TOB/ERA//TOB/CNO67/3/PLO/4/VEE#5/5/KAUZ/6/FRET2/7/VORB",-821.41173486316
"820",635,"NOGAL/KASORO3//CANINDE 1",-823.558635350945
"821",356,"WBLL4//BABAX.1B.1B*2/PRL/3/PASTOR/4/ITAPUA 40      ",-827.17472
"822",695,"NOGAL/Itapúa 75//CANINDE 1",-852.06248905965
"823",202,"Itapúa 75/6/SKAUZ/PARUS//PARUS/5/CNDO/R143//ENTE/MEXI75/3/AE.SQ/4/2*OCI",-852.33088
"824",343,"S09/CD 114",-867.224072668162
"825",565,"SOROCA/3/PRINIA/BERKUT//PFAU/MILAN",-869.612422444886
"826",432,"KIRITATI/2*WBLL1//ITAPUA 65",-873.38048
"827",383,"BRS GUAMIRIN/CANINDE 1",-874.186100084787
"828",245,"GOV/AZ//MUS/3/DODO/4/BOW/5/CBRD/6/Itapúa 70",-887.445005174439
"829",832,"ND643/2*WBLL1//KACHU",-887.80736
"830",843,"KIRITATI//2*PRL/2*PASTOR/3/CHONTE/5/PRL/2*PASTOR/4/CHOIX/STAR/3/HE1/3*CNO79//2*SERI",-892.335954653007
"831",243,"GOV/AZ//MUS/3/DODO/4/BOW/5/CBRD/6/Itapúa 70",-894.301400474913
"832",833,"CHONTE//KIRITATI/2*TRCH",-895.992126921953
"833",146,"BRBT1*2/KIRITATI/3/SRMA/TUI//BABAX",-915.0368
"834",278,"NOGAL/ALSEN",-923.64032
"835",328,"NOGAL/CD 117",-923.93632
"836",915,"DANPHE #1/3/HUW234+LR34/PRINIA//PFAU/WEAVER",-924.5
"837",449,"BRBT1*2/KIRITATI/3/SRMA/TUI//BABAX",-925.132185873729
"838",11,"CANINDE 1//MILAN/AMSEL",-931.160389810844
"839",15,"CORD 3//RL 6040=Thatcher *7/Translocation 4=Lr19",-932
"840",713,"NOGAL/CD 104",-936.65803057601
"841",662,"NOGAL/CANINDE 1//CD 150",-939.960547357406
"842",779,"CANINDE 3/6/CS/TH.SC//3*PVN/3/MIRLO/BUC/4/MILAN/5/TILHI",-940.505240240373
"843",316,"NOGAL/CD 117",-947.73568
"844",817,"CHIBIA//PRLII/CM65531/3/SKAUZ/BAV92/4/MUNAL #1",-951.528646515265
"845",555,"ITAPUA 45/CORDILLERA 4//Itapúa 75",-952.741545754618
"846",145,"BRBT1*2/KIRITATI//PF 953048/IAPAR 18",-956.401595414079
"847",863,"ND643/2*WBLL1//KACHU",-964.011771384636
"848",748,"ITAPUA 70/5/VEE/MJI//2*TUI/3/PASTOR/4/BERKUT",-965.52704
"849",246,"GOV/AZ//MUS/3/DODO/4/BOW/5/CBRD/6/Itapúa 70",-968.703347349234
"850",796,"Caninde 12/4/BABAX/PASTOR/3/KAUZ*2/YACO//KAUZ",-969.65248
"851",897,"WAXWING*2/HEILO",-976.5
"852",887,"KACHU #1/4/CROC_1/AE.SQUARROSA (205)//KAUZ/3/SASIA/5/KACHU",-978.867452826933
"853",589,"PRL/VEE#6//CLMS/3/ALCOVER/4/CD 104/5/ITAPUA 40/KURUKU",-997.507927474178
"854",242,"GOV/AZ//MUS/3/DODO/4/BOW/5/CBRD/6/Itapúa 70",-999.31904
"855",346,"ITAPUA 40      /PEWIT1",-1017.70624
"856",208,"Itapúa 75/6/SKAUZ/PARUS//PARUS/5/CNDO/R143//ENTE/MEXI75/3/AE.SQ/4/2*OCI",-1022.55328
"857",251,"NOGAL/CANINDE 3",-1036.66994025304
"858",418,"ND643/2*WBILL1//ITAPUA 40      ",-1038.12952655211
"859",226,"Itapúa 45/Itapúa 40//ALSEN",-1054.28096
"860",434,"SAAR//PBW343*2/KUKUNA/3/EMBRAPA 120",-1064.32512
"861",433,"KIRITATI/2*WBLL1//Cord 3",-1065.54344537052
"862",233,"CRONOX/CANINDE 1",-1068.71135555572
"863",248,"NOGAL/CANINDE 3",-1073
"864",279,"NOGAL/ALSEN",-1090.73409851209
"865",237,"GOV/AZ//MUS/3/DODO/4/BOW/5/CBRD/6/Itapúa 75",-1094.08359933654
"866",362,"BABAX/LR42//BABAX/3/BABAX/LR42//BABAX/4/CANINDE 1",-1095.48808637717
"867",444,"SAAR/3/PFAU/SERI.1B//AMAD/4/CD104",-1097.30528
"868",711,"NOGAL/CD 104",-1099.46212628926
"869",778,"CANINDE 3/6/CS/TH.SC//3*PVN/3/MIRLO/BUC/4/MILAN/5/TILHI",-1118.19264
"870",345,"ITAPUA 40      /PEWIT1",-1126.06985435617
"871",195,"CATBIRD/BABAX 42",-1129.64795230323
"872",899,"KA/NAC//TRCH/3/VORB",-1132
"873",207,"Itapúa 75/6/SKAUZ/PARUS//PARUS/5/CNDO/R143//ENTE/MEXI75/3/AE.SQ/4/2*OCI",-1134.27905221038
"874",698,"NOGAL/Itapúa 75//CANINDE 1",-1148.55296
"875",452,"BRBT1*2/KIRITATI/3/SRMA/TUI//BABAX",-1149.16416
"876",88,"PARULA/CD 104",-1149.43968
"877",828,"ND643//2*PRL/2*PASTOR/3/HEILO",-1149.62496
"878",783,"CANINDE 3//ITAPUA-50/ITAPUA-40 ",-1168.35489319917
"879",812,"CD 104/LE 2331 ",-1169.528
"880",347,"ITAPUA 40      /PEWIT1",-1175.0537696617
"881",468,"NOGAL/CD 117",-1177.0128
"882",845,"ND643/2*WBLL1//2*KACHU",-1185.4508299161
"883",381,"BRS GUAMIRIN/CANINDE 3",-1189.6205864345
"884",688,"NOGAL/Itapúa 75//CANINDE 1",-1206.64335107811
"885",569,"IAN 10/ITAPUA 65//SAUSAL CIAT",-1238.93910064738
"886",437,"SAAR/3/PFAU/SERI.1B//AMAD/4/BR 18",-1239.80885692467
"887",891,"SAUAL/KIRITATI//SAUAL",-1241.8135583314
"888",912,"KAUZ*2/MNV//KAUZ/3/MILAN/4/BAV92/5/DANPHE #1",-1245.09507879635
"889",16,"CORD 3//RL 6040=Thatcher *7/Translocation 4=Lr19",-1254
"890",893,"UP2338*2/KKTS*2//YANAC",-1260.99068219151
"891",781,"CANINDE 3/6/CS/TH.SC//3*PVN/3/MIRLO/BUC/4/MILAN/5/TILHI",-1261.27990474926
"892",348,"ITAPUA 40      /PEWIT1",-1262.94784
"893",712,"NOGAL/CD 104",-1275.77984
"894",518,"ITAPUA 65/CD 150",-1306.58016
"895",12,"CANINDE 1/PARAGUA CIAT",-1312
"896",382,"BRS GUAMIRIN/CANINDE 1",-1347.06368
"897",847,"PAURAQ//ND643/2*WBLL1/3/PAURAQUE #1",-1352.45159179194
"898",238,"GOV/AZ//MUS/3/DODO/4/BOW/5/CBRD/6/Itapúa 75",-1363.06496
"899",639,"NOGAL/CD 104//CANINDE 11",-1363.10003384779
"900",844,"KIRITATI//HUW234+LR34/PRINIA/3/CHONTE/5/PRL/2*PASTOR/4/CHOIX/STAR/3/HE1/3*CNO79//2*SERI",-1394.82464
"901",706,"NOGAL/CD 104",-1436.16432492348
"902",344,"S09/CD 114",-1458.57721582518
"903",189,"S09/ALSEN",-1540.41379758467
"904",898,"1447/PASTOR//KRICHAUFF/5/2*SERI*3//RL6010/4*YR/3/PASTOR/4/BAV92",-1621
"905",886,"BAV92//IRENA/KAUZ/3/HUITES*2/4/CROC_1/AE.SQUARROSA (224)//KULIN/3/WESTONIA",-1681.98380379878
"906",227,"Itapúa 45/Itapúa 40//ALSEN",-1831.23759113065
"907",48,"WBLL2//MILAN/AMSEL",-1854.24224
"908",849,"W15.92/4/PASTOR//HXL7573/2*BAU/3/WBLL1/5/MUU",-1855.57707697465
"909",784,"CANINDE 3/4/BABAX/LR42//BABAX*2/3/KUKUNA",-1868.16672
"910",836,"BAJ #1/2*CHYAK1",-1969.70544915216
"911",244,"GOV/AZ//MUS/3/DODO/4/BOW/5/CBRD/6/Itapúa 70",-1977.71904
"912",247,"GEN/PRL//CBRD/3/CD 104",-2020.36408130181
"913",714,"NOGAL/CD 104",-2378.92192
"914",707,"NOGAL/CD 104",-2509.32269820657
"915",896,"VORB/SOKOLL",-2601
"916",848,"FRANCOLIN #1*2//ND643/2*WBLL1",-2630.58891747777
"917",918,"0",-2868
"918",923,"0",-2869.09220976158
"919",919,"0",-2869.09592246933
"920",922,"0",-2869.83213402579
"921",920,"0",-2871.23703044172
"922",921,"0",-2871.95286417445
"923",924,"0",-2876.88944394627
"924",925,"0",-2900.58949588785
"925",926,"0",-2936
"926",927,"0",-3239.10515711198
"927",917,"0",-3533
"928",928,"0",-3546
"929",929,"0",-3621.41207516328
"930",930,"0",-3696.82415032656
"931",931,"0",-3772.23622548984
